ID_100777	Der Komödiant will den Clown einladen. Der hat	Den einen Tag zuvor bei einem Auftritt in der Stadt gesehen und war von seinen Tricks beeindruckt.	Auf was bezieht sich das "Der" in dem Satz, den Sie ergänzt haben?	Auf "Clown", denn es wird die Person angesprochen, die gesehen wurde und die Einladung erhält.
ID_100721	Den Buchhalter soll der Auszubildende sehen. Dieser hat	Diesen einen Fehler in der Bilanz festgestellt.	Auf was bezieht sich das "Dieser" in dem Satz, den Sie ergänzt haben?	Auf "Buchhalter".
ID_100826	Der Verkäufer soll den Dieb anzeigen. Dieser ist	Dieser ist mit einem gestohlenen Gemälde in der Hand geflüchtet.	Auf was bezieht sich das "Dieser" in dem Satz, den Sie ergänzt haben?	"Dieser" bezieht sich auf den "Dieb", der im ursprünglichen Satz erwähnt wird.
ID_100896	Der Kellner soll den Gast bedienen. Er ist	Er ist ein bekannter Kritiker für das Restaurant.	Auf was bezieht sich das "Er" in dem Satz, den Sie ergänzt haben?	Auf "Gast"
ID_100854	Der Künstler will den Politiker zeichnen. Dieser ist	Dieser ist bekannt für seine umstrittenen politischen Ansichten.	Auf was bezieht sich das "Dieser" in dem Satz, den Sie ergänzt haben?	Das "Dieser" bezieht sich auf den "Politiker", der im Originalsatz als zu zeichnendes Objekt vorgestellt wird.
ID_100763	Den Jungen will der Babysitter tadeln. Er hat	Er hat die Spielzeuge ohne Erlaubnis aus dem Regal genommen.	Auf was bezieht sich das "Er" in dem Satz, den Sie ergänzt haben?	Auf "den Jungen"
ID_100651	Den Kameraden will der Soldat überraschen. Der ist	Der ist an der Front im Einsatz und wird nach langer Dienstzeit bald heimkehren.	Auf was bezieht sich das "Der" in dem Satz, den Sie ergänzt haben?	Auf "Kameraden"
ID_100735	Den Bewerber soll der Manager einstellen. Er hat	Er hat überzeugende Referenzen und eine beeindruckende Berufserfahrung.	Auf was bezieht sich das "Er" in dem Satz, den Sie ergänzt haben?	Auf "Bewerber"
ID_100889	Der Abiturient will den Besucher erschrecken. Er ist	Er hat eine überraschende Kostümierung gewählt.	Auf was bezieht sich das "Er" in dem Satz, den Sie ergänzt haben?	Auf "Besucher", denn es ist der Besucher, den der Abiturient erschrecken will.
ID_100658	Den Angestellten will der Wachmann retten. Der ist	Der ist in einen Brand geraten.	Auf was bezieht sich das "Der" in dem Satz, den Sie ergänzt haben?	Auf "Angestellten".
ID_100847	Der Busfahrer will den Reiseleiter wecken. Dieser ist	Der Reiseleiter ist im Schlaf gefunden worden.	Auf was bezieht sich das "Dieser" in dem Satz, den Sie ergänzt haben?	Das "Dieser" bezieht sich auf den Reiseleiter, der im Schlaf gefunden worden ist.
ID_100784	Der Polizist will den Raser prüfen. Der hat	Den einen blauen Ampel überfahren.	Auf was bezieht sich das "Der" in dem Satz, den Sie ergänzt haben?	Auf "Raser"
ID_100749	Den Sohn will der Vater küssen. Er hat	Er hat eine gute Leistung in der Schule erbracht.	Auf was bezieht sich das "Er" in dem Satz, den Sie ergänzt haben?	Auf "Sohn"
ID_100819	Der Passant soll den Ordnungshüter informieren. Dieser ist	dieser ist auf der Suche nach einem vermissten Kind.	Auf was bezieht sich das "Dieser" in dem Satz, den Sie ergänzt haben?	Auf "Ordnungshüter".
ID_100812	Der Ober soll den Koch loben. Der hat	Den Speisekritiker überzeugt.	Auf was bezieht sich das "Der" in dem Satz, den Sie ergänzt haben?	Auf "Koch".
ID_100805	Der Doktorand soll den Professor vertreten. Der hat	Der hat eine wichtige Präsentation am internationalen Symposium.	Auf was bezieht sich das "Der" in dem Satz, den Sie ergänzt haben?	Auf "Professor", denn es ist der Professor, der die Präsentation hätte halten sollen.
ID_100756	Den Dozenten will der Student treffen. Er hat	Er hat eine Frage zu seinem letzten Seminarbeitsthema.	Auf was bezieht sich das "Er" in dem Satz, den Sie ergänzt haben?	Auf "Dozenten"
ID_100798	Der Journalist soll den Abenteurer fotografieren. Der hat	Der hat eine seltene Pflanze entdeckt.	Auf was bezieht sich das "Der" in dem Satz, den Sie ergänzt haben?	Auf "Abenteurer".
ID_100714	Den Sieger will der Trainer ehren. Dieser hat	Dieser hat das Finale mit einer beeindruckenden Leistung gewonnen.	Auf was bezieht sich das "Dieser" in dem Satz, den Sie ergänzt haben?	Auf "Sieger"
ID_100770	Den Patienten will der Arzt untersuchen. Er hat	Er hat starke Kopfschmerzen und Schwindelanfälle.	Auf was bezieht sich das "Er" in dem Satz, den Sie ergänzt haben?	Auf "Patienten"
ID_100833	Der Sekretär will den Chef stören. Dieser ist	In einer wichtigen Besprechung.	Auf was bezieht sich das "Dieser" in dem Satz, den Sie ergänzt haben?	Auf "Chef"
ID_100861	Der Kunde will den Fachmann aufsuchen. Er ist	Er ist wegen eines defekten Geräts auf der Suche nach Hilfe.	Auf was bezieht sich das "Er" in dem Satz, den Sie ergänzt haben?	Auf "Kunden"
ID_100868	Der Fahrer will den Anfänger überholen. Er ist	Er hat eine rote Ampel übersehen.	Auf was bezieht sich das "Er" in dem Satz, den Sie ergänzt haben?	Auf "Fahrer".
ID_100686	Den Hausmeister soll der Pförtner benachrichtigen. Der ist	Der ist gerade in der Kantine.	Auf was bezieht sich das "Der" in dem Satz, den Sie ergänzt haben?	Auf "Pförtner"
ID_100672	Den Unruhestifter will der Bäckermeister melden. Der ist	Der ist mehrfach in der Vergangenheit zu Gewalttätigkeiten aufgetreten.	Auf was bezieht sich das "Der" in dem Satz, den Sie ergänzt haben?	Auf "Unruhestifter"
ID_100679	Den Verletzten muss der Sanitäter tragen. Der ist	Er hat sich bei einem Unfall das Bein gebrochen.	Auf was bezieht sich das "Der" in dem Satz, den Sie ergänzt haben?	Auf "Verletzten"
ID_100665	Den Maler will der Mieter bezahlen. Der ist	Er hat eine Wand in seinem neuen Zimmer neu gestaltet.	Auf was bezieht sich das "Der" in dem Satz, den Sie ergänzt haben?	Auf "Maler"
ID_100728	Den Star will der Bodyguard verstecken. Dieser hat	Diesen Star wegen Drohungen geschützt.	Auf was bezieht sich das "Dieser" in dem Satz, den Sie ergänzt haben?	Das "Dieser" bezieht sich auf den Bodyguard, der in dem Satz erwähnt wird.
ID_100840	Der Anwalt will den Angeklagten kontrollieren. Dieser ist	Er ist verdächtig, eine Unterschlagung begangen zu haben.	Auf was bezieht sich das "Dieser" in dem Satz, den Sie ergänzt haben?	Auf "Angeklagten"
ID_100875	Der Samariter soll den Kranken pflegen. Er ist	Er ist schwer verletzt und benötigt dringende medizinische Hilfe.	Auf was bezieht sich das "Er" in dem Satz, den Sie ergänzt haben?	Auf "Kranken", also auf die Person, die pflegebedürftig ist und Unterstützung durch den Samariter benötigt.
ID_100882	Der Steuerberater will den Geschäftsmann warnen. Er ist	Er hat einen möglichen Betrugsfall entdeckt.	Auf was bezieht sich das "Er" in dem Satz, den Sie ergänzt haben?	Auf "Geschäftsmann"
ID_100791	Der Schüler will den Direktor begrüßen. Der hat	Der hat gerade eine Rede über die Bedeutung von Bildung gehalten.	Auf was bezieht sich das "Der" in dem Satz, den Sie ergänzt haben?	Auf "Direktor"
ID_100742	Den Schauspieler will der Regisseur unterstützen. Er hat	Er hat eine schwierige Rolle zu spielen.	Auf was bezieht sich das "Er" in dem Satz, den Sie ergänzt haben?	Auf "Den Schauspieler"
ID_100700	Den Klassensprecher will der Lehrer loben. Dieser hat	Dieser hat die Klassenarbeiten organisiert und sorgfältig überprüft.	Auf was bezieht sich das "Dieser" in dem Satz, den Sie ergänzt haben?	Auf "Klassensprecher"
ID_100707	Den Opa soll der Pfleger baden. Dieser ist	Seinem Diabetes geschuldet, sehr empfindlich auf die Temperatur des Wassers.	Auf was bezieht sich das "Dieser" in dem Satz, den Sie ergänzt haben?	Das "Dieser" bezieht sich auf den Großvater, der im Kontext des Satzes zu baden vorgesehen ist.
ID_100693	Den Assistenten will der Vorgesetzte suchen. Dieser hat	Diesen einen wichtigen Bericht verfasst.	Auf was bezieht sich das "Dieser" in dem Satz, den Sie ergänzt haben?	Auf "Assistenten"
