ID_101351	Der Soldat will den Kameraden überraschen. Er ist	Er ist gerade auf dem Weg zu einem geheimen Versteck, um dort eine Überraschung für seinen Kameraden vorzubereiten.	Auf was bezieht sich das "Er" in dem Satz, den Sie ergänzt haben?	Das "Er" bezieht sich auf den Soldaten, der den Kameraden überraschen will.
ID_101366	Der Mieter will den Maler bezahlen. Er ist	Er ist derjenige, der die Rechnung für die Malerarbeiten begleichen wird.	Auf was bezieht sich das "Er" in dem Satz, den Sie ergänzt haben?	Das "Er" bezieht sich auf den Mieter, der die Malerarbeiten in Auftrag gegeben hat und nun die Rechnung bezahlen wird.
ID_101276	Den Professor soll der Doktorand vertreten. Er hat	Er hat den Vortrag nicht vorbereitet.	Auf was bezieht sich das "Er" in dem Satz, den Sie ergänzt haben?	Das "Er" bezieht sich auf den "Doktorand".
ID_101221	Den Dozenten will der Student treffen. Dieser hat	...eine wichtige Vorlesung über die Geschichte der Kunst.	Auf was bezieht sich das "Dieser" in dem Satz, den Sie ergänzt haben?	Das "Dieser" bezieht sich auf "Dozenten".
ID_101336	Der Abiturient will den Besucher erschrecken. Dieser ist	Der Abiturient will den Besucher erschrecken. Dieser ist ein Clown.	Auf was bezieht sich das "Dieser" in dem Satz, den Sie ergänzt haben?	Das "Dieser" bezieht sich auf "Besucher".
ID_101236	Den Sohn will der Vater küssen. Dieser hat	...eine Erkältung.	Auf was bezieht sich das "Dieser" in dem Satz, den Sie ergänzt haben?	"Dieser" bezieht sich auf "Sohn".
ID_101246	Den Jungen will der Babysitter tadeln. Dieser hat	...sein Zimmer nicht aufgeräumt.	Auf was bezieht sich das "Dieser" in dem Satz, den Sie ergänzt haben?	Auf "Junge".
ID_101271	Den Koch soll der Ober loben. Er hat	Er hat ein neues Rezept kreiert.	Auf was bezieht sich das "Er" in dem Satz, den Sie ergänzt haben?	Das "Er" bezieht sich auf "Koch".
ID_101291	Der Vorgesetzte will den Assistenten suchen. Der hat	Der Vorgesetzte will den Assistenten suchen. Der hat sich verirrt.	Auf was bezieht sich das "Der" in dem Satz, den Sie ergänzt haben?	Das "Der" bezieht sich auf "Assistenten".
ID_101311	Der Fahrer will den Anfänger überholen. Dieser ist	Er fährt zu schnell.	Auf was bezieht sich das "Dieser" in dem Satz, den Sie ergänzt haben?	Auf "Anfänger".
ID_101301	Der Trainer will den Sieger ehren. Der hat	Der hat den Pokal gewonnen.	Auf was bezieht sich das "Der" in dem Satz, den Sie ergänzt haben?	Das "Der" bezieht sich auf "Sieger".
ID_101306	Der Pfleger soll den Opa baden. Der hat	...eine Erkältung.	Auf was bezieht sich das "Der" in dem Satz, den Sie ergänzt haben?	Das "Der" bezieht sich auf "Opa".
ID_101346	Der Pförtner soll den Hausmeister benachrichtigen. Er ist	Er ist nicht anwesend.	Auf was bezieht sich das "Er" in dem Satz, den Sie ergänzt haben?	Das "Er" bezieht sich auf den Hausmeister.
ID_101281	Der Lehrer will den Klassensprecher loben. Der hat	Der hat eine gute Note in Mathe bekommen.	Auf was bezieht sich das "Der" in dem Satz, den Sie ergänzt haben?	Das "Der" bezieht sich auf "Klassensprecher".
ID_101261	Den Direktor will der Schüler begrüßen. Er hat	Er hat eine Rede vorbereitet.	Auf was bezieht sich das "Er" in dem Satz, den Sie ergänzt haben?	Das "Er" bezieht sich auf den Schüler.
ID_101216	Den Chef will der Sekretär stören. Der ist	Der ist gerade in einem wichtigen Meeting.	Auf was bezieht sich das "Der" in dem Satz, den Sie ergänzt haben?	Das "Der" bezieht sich auf "Chef".
ID_101206	Den Dieb soll der Verkäufer anzeigen. Der ist	Der ist geflohen.	Auf was bezieht sich das "Der" in dem Satz, den Sie ergänzt haben?	Das "Der" bezieht sich auf "Dieb".
ID_101201	Den Angeklagten will der Anwalt kontrollieren. Der ist	Der ist sehr nervös.	Auf was bezieht sich das "Der" in dem Satz, den Sie ergänzt haben?	Das "Der" bezieht sich auf "Angeklagten".
ID_101241	Den Patienten will der Arzt untersuchen. Dieser ist	Er ist von einem Auto angefahren worden.	Auf was bezieht sich das "Dieser" in dem Satz, den Sie ergänzt haben?	Das "Dieser" bezieht sich auf "Patient".
ID_101286	Der Auszubildende soll den Buchhalter sehen. Der hat	Der Auszubildende soll den Buchhalter sehen. Der hat gerade ein neues Projekt abgeschlossen.	Auf was bezieht sich das "Der" in dem Satz, den Sie ergänzt haben?	Das "Der" bezieht sich auf "Buchhalter".
ID_101341	Der Sanitäter muss den Verletzten tragen. Er ist	Er ist von einem Auto angefahren worden.	Auf was bezieht sich das "Er" in dem Satz, den Sie ergänzt haben?	Das "Er" bezieht sich auf den "Verletzten".
ID_101316	Der Kellner soll den Gast bedienen. Dieser ist	Er ist betrunken.	Auf was bezieht sich das "Dieser" in dem Satz, den Sie ergänzt haben?	Das "Dieser" bezieht sich auf "Gast".
ID_101226	Den Schauspieler will der Regisseur unterstützen. Dieser hat	...eine Rolle in einem Film.	Auf was bezieht sich das "Dieser" in dem Satz, den Sie ergänzt haben?	Auf "Regisseur".
ID_101266	Den Clown will der Komödiant einladen. Er hat	Er hat einen Vertrag mit einem Zirkus abgeschlossen.	Auf was bezieht sich das "Er" in dem Satz, den Sie ergänzt haben?	Das "Er" bezieht sich auf den Komödianten.
ID_101296	Der Bodyguard will den Star verstecken. Der hat	Der Star hat eine Affäre mit einem Mitglied der Regierung.	Auf was bezieht sich das "Der" in dem Satz, den Sie ergänzt haben?	Das "Der" bezieht sich auf "Star".
ID_101196	Den Ordnungshüter soll der Passant informieren. Der ist	Der ist über die Unfallstelle informiert.	Auf was bezieht sich das "Der" in dem Satz, den Sie ergänzt haben?	Das "Der" bezieht sich auf "Ordnungshüter".
ID_101321	Der Kunde will den Fachmann aufsuchen. Dieser ist	Der Kunde will den Fachmann aufsuchen. Dieser ist ein Arzt.	Auf was bezieht sich das "Dieser" in dem Satz, den Sie ergänzt haben?	Das "Dieser" bezieht sich auf "Fachmann".
ID_101211	Den Politiker will der Künstler zeichnen. Der ist	Der ist sehr bekannt.	Auf was bezieht sich das "Der" in dem Satz, den Sie ergänzt haben?	Das "Der" bezieht sich auf "Politiker".
ID_101231	Den Bewerber soll der Manager einstellen. Dieser hat	...eine sehr gute Ausbildung absolviert.	Auf was bezieht sich das "Dieser" in dem Satz, den Sie ergänzt haben?	Das "Dieser" bezieht sich auf "Bewerber".
ID_101191	Den Reiseleiter will dern Busfahrer wecken. Der ist	Der ist eingeschlafen.	Auf was bezieht sich das "Der" in dem Satz, den Sie ergänzt haben?	Das "Der" bezieht sich auf "Busfahrer".
ID_101331	Der Steuerberater will den Geschäftsmann warnen. Dieser ist	Der Steuerberater will den Geschäftsmann warnen. Dieser ist in Gefahr, weil er sich in einer finanziellen Schieflage befindet.	Auf was bezieht sich das "Dieser" in dem Satz, den Sie ergänzt haben?	Das "Dieser" bezieht sich auf den Geschäftsmann.
ID_101256	Den Raser will der Polizist prüfen. Er hat	Er hat zu schnell gefahren.	Auf was bezieht sich das "Er" in dem Satz, den Sie ergänzt haben?	Das "Er" bezieht sich auf den Raser.
ID_101251	Den Abenteurer soll der Journalist fotografieren. Er hat	Er hat eine seltene und exotische Art von Schmetterling gefangen.	Auf was bezieht sich das "Er" in dem Satz, den Sie ergänzt haben?	Das "Er" bezieht sich auf den Abenteurer.
ID_101356	Der Wachmann will den Angestellten retten. Er ist	Er ist von einem Auto angefahren worden.	Auf was bezieht sich das "Er" in dem Satz, den Sie ergänzt haben?	Das "Er" bezieht sich auf "Angestellten".
ID_101326	Der Samariter soll den Kranken pflegen. Dieser ist	Er ist von einem Auto angefahren worden.	Auf was bezieht sich das "Dieser" in dem Satz, den Sie ergänzt haben?	Auf "Kranke"
ID_101361	Der Bäckermeister will den Unruhestifter melden. Er ist	Er ist ein Kunde, der sich unangemessen verhält.	Auf was bezieht sich das "Er" in dem Satz, den Sie ergänzt haben?	Das "Er" bezieht sich auf den "Unruhestifter".
