ID_100130	Der Bäckermeister will den Unruhestifter melden. Der ist	Der ist gerade dabei, die frisch gebackenen Brötchen zu schänden.	Auf was bezieht sich das "Der" in dem Satz, den Sie ergänzt haben?	Das "Der" bezieht sich auf den Unruhestifter.
ID_100040	Den Chef will der Sekretär stören. Dieser ist	Dieser ist gerade in einem wichtigen Telefonat.	Auf was bezieht sich das "Dieser" in dem Satz, den Sie ergänzt haben?	"Dieser" bezieht sich auf den Chef.
ID_100004	Den Professor soll der Doktorand vertreten. Der hat	... eine Konferenz in einem anderen Land.	Auf was bezieht sich das "Der" in dem Satz, den Sie ergänzt haben?	Das "Der" bezieht sich auf den Professor.
ID_100058	Den Dieb soll der Verkäufer anzeigen. Dieser ist	Dieser ist in den Laden eingedrungen und hat Waren gestohlen.	Auf was bezieht sich das "Dieser" in dem Satz, den Sie ergänzt haben?	"Dieser" bezieht sich auf den Dieb.
ID_100154	Der Auszubildende soll den Buchhalter sehen. Dieser hat	Dieser hat einen wichtigen Bericht für das Management vorbereitet.	Auf was bezieht sich das "Dieser" in dem Satz, den Sie ergänzt haben?	"Dieser" bezieht sich auf den Buchhalter.
ID_100196	Der Student will den Dozenten treffen. Er hat	Er hat eine wichtige Frage zu seiner Hausarbeit.	Auf was bezieht sich das "Er" in dem Satz, den Sie ergänzt haben?	Das "Er" bezieht sich auf den Studenten.
ID_100034	Den Clown will der Komödiant einladen. Der hat	... eine neue, lustige Nummer.	Auf was bezieht sich das "Der" in dem Satz, den Sie ergänzt haben?	Auf den Clown.
ID_100106	Den Geschäftsmann will der Steuerberater warnen. Er ist	in Gefahr, hohe Strafen zu zahlen.	Auf was bezieht sich das "Er" in dem Satz, den Sie ergänzt haben?	Das "Er" bezieht sich auf den Geschäftsmann.
ID_100190	Der Arzt will den Patienten untersuchen. Er hat	...einen Verdacht auf eine Gehirnerschütterung.	Auf was bezieht sich das "Er" in dem Satz, den Sie ergänzt haben?	Das "Er" bezieht sich auf den Patienten.
ID_100052	Den Ordnungshüter soll der Passant informieren. Dieser ist	an der Kreuzung im Einsatz.	Auf was bezieht sich das "Dieser" in dem Satz, den Sie ergänzt haben?	"Dieser" bezieht sich auf den Ordnungshüter.
ID_100094	Den Besucher will der Abiturient erschrecken. Er ist	in einem Horror-Kostüm.	Auf was bezieht sich das "Er" in dem Satz, den Sie ergänzt haben?	Auf den Abiturienten.
ID_100124	Der Sanitäter muss den Verletzten tragen. Der ist	...unfähig, selbstständig zu gehen.	Auf was bezieht sich das "Der" in dem Satz, den Sie ergänzt haben?	Das "Der" bezieht sich auf den Verletzten.
ID_100118	Der Pförtner soll den Hausmeister benachrichtigen. Der ist	Der ist gerade im Garten.	Auf was bezieht sich das "Der" in dem Satz, den Sie ergänzt haben?	Das "Der" bezieht sich auf "Hausmeister".
ID_100076	Den Kranken soll der Samariter pflegen. Er ist	von einem wilden Tier angefallen worden.	Auf was bezieht sich das "Er" in dem Satz, den Sie ergänzt haben?	"Er" bezieht sich auf "den Kranken".
ID_100082	Den Anfänger will der Fahrer überholen. Er ist	...noch nicht so erfahren.	Auf was bezieht sich das "Er" in dem Satz, den Sie ergänzt haben?	Das "Er" bezieht sich auf den Anfänger.
ID_100064	Den Reiseleiter will der Busfahrer wecken. Dieser ist	Dieser ist eingeschlafen.	Auf was bezieht sich das "Dieser" in dem Satz, den Sie ergänzt haben?	"Dieser" bezieht sich auf den Reiseleiter.
ID_100160	Der Trainer will den Sieger ehren. Dieser hat	... den schwierigsten Wettkampf gewonnen.	Auf was bezieht sich das "Dieser" in dem Satz, den Sie ergänzt haben?	"Dieser" bezieht sich auf den Sieger.
ID_100172	Der Vorgesetzte will den Assistenten suchen. Dieser hat	sich in der Bibliothek aufgehalten.	Auf was bezieht sich das "Dieser" in dem Satz, den Sie ergänzt haben?	"Dieser" bezieht sich auf den Assistenten.
ID_100112	Der Soldat will den Kameraden überraschen. Der ist	... gerade auf Patrouille.	Auf was bezieht sich das "Der" in dem Satz, den Sie ergänzt haben?	Das "Der" bezieht sich auf "Kameraden".
ID_100016	Den Abenteurer soll der Journalist fotografieren. Der hat	... gerade eine Klippe erklommen.	Auf was bezieht sich das "Der" in dem Satz, den Sie ergänzt haben?	Das "Der" bezieht sich auf den Abenteurer.
ID_100214	Der Regisseur will den Schauspieler unterstützen. Er hat	... ihm eine längere Pause gegeben.	Auf was bezieht sich das "Er" in dem Satz, den Sie ergänzt haben?	Auf den Regisseur.
ID_100022	Den Raser will der Polizist prüfen. Der hat	...zu schnell gefahren.	Auf was bezieht sich das "Der" in dem Satz, den Sie ergänzt haben?	Der bezieht sich auf "Raser".
ID_100142	Der Wachmann will den Angestellten retten. Der ist	in der Brandfalle gefangen.	Auf was bezieht sich das "Der" in dem Satz, den Sie ergänzt haben?	Das "Der" bezieht sich auf "Angestellten".
ID_100100	Den Fachmann will der Kunde aufsuchen. Er ist	ein Spezialist für alte Möbel.	Auf was bezieht sich das "Er" in dem Satz, den Sie ergänzt haben?	"Er" bezieht sich auf "den Fachmann".
ID_100202	Der Manager soll den Bewerber einstellen. Er hat	... die besten Qualifikationen.	Auf was bezieht sich das "Er" in dem Satz, den Sie ergänzt haben?	"Er" bezieht sich auf den Bewerber.
ID_100166	Der Lehrer will den Klassensprecher loben. Dieser hat	...sich um die Organisation des Schulfestes verdient gemacht.	Auf was bezieht sich das "Dieser" in dem Satz, den Sie ergänzt haben?	"Dieser" bezieht sich auf den Klassensprecher.
ID_100184	Der Vater will den Sohn küssen. Er hat	... gerade einen wichtigen Fußballspiel gewonnen.	Auf was bezieht sich das "Er" in dem Satz, den Sie ergänzt haben?	Das "Er" bezieht sich auf den Vater.
ID_100088	Den Gast soll der Kellner bedienen. Er ist	... gerade erst hereinkommen.	Auf was bezieht sich das "Er" in dem Satz, den Sie ergänzt haben?	Das "Er" bezieht sich auf den Gast.
ID_100070	Den Angeklagten will der Anwalt kontrollieren. Dieser ist	Dieser ist in der Untersuchungshaft.	Auf was bezieht sich das "Dieser" in dem Satz, den Sie ergänzt haben?	"Dieser" bezieht sich auf den Angeklagten.
ID_100136	Der Mieter will den Maler bezahlen. Der ist	Der ist heute Morgen schon gekommen.	Auf was bezieht sich das "Der" in dem Satz, den Sie ergänzt haben?	Das "Der" bezieht sich auf den Maler.
ID_100028	Den Direktor will der Schüler begrüßen. Der hat	... gerade eine Rede gehalten.	Auf was bezieht sich das "Der" in dem Satz, den Sie ergänzt haben?	Das "Der" bezieht sich auf den Direktor.
ID_100046	Den Politiker will der Künstler zeichnen. Dieser ist	in einem eleganten Anzug gekleidet.	Auf was bezieht sich das "Dieser" in dem Satz, den Sie ergänzt haben?	"Dieser" bezieht sich auf den Politiker.
ID_100178	Der Bodyguard will den Star verstecken. Dieser hat	... einen Unfall gehabt und muss schnellstmöglich aus der Öffentlichkeit weggebracht werden.	Auf was bezieht sich das "Dieser" in dem Satz, den Sie ergänzt haben?	"Dieser" bezieht sich auf "den Star".
ID_100208	Der Babysitter will den Jungen tadeln. Er hat	... die Hausregeln gebrochen.	Auf was bezieht sich das "Er" in dem Satz, den Sie ergänzt haben?	Das "Er" bezieht sich auf den Jungen.
ID_100148	Der Pfleger soll den Opa baden. Dieser hat	Dieser hat Demenz.	Auf was bezieht sich das "Dieser" in dem Satz, den Sie ergänzt haben?	"Dieser" bezieht sich auf "Opa".
ID_100010	Den Koch soll der Ober loben. Der hat	den besten Eintopf der Stadt gekocht.	Auf was bezieht sich das "Der" in dem Satz, den Sie ergänzt haben?	Das "Der" bezieht sich auf den Koch.
