ID_104397	Der Arbeitgeber zeigte der Bewerberin den Arbeitsvertrag. Dieser wirkte dabei sehr sympathisch. \nWie klingt der Text? (1=sehr seltsam, 7=perfekt)	Der Text klingt etwas seltsam, da das letzte Pronomen "dieser" unsicher macht, ob es sich auf den Arbeitsvertrag oder den Arbeitgeber bezieht. Es wäre besser, das klar zu definieren. Also würde ich sagen, der Text ist 4 auf einer Sk
ID_103932	Der Inhaber bot der Mitarbeiterin den Umzugswagen. Der wollte sich das Wochenende ohnehin frei nehmen. \nWie klingt der Text? (1=sehr seltsam, 7=perfekt)	2
ID_105443	Die Anwältin erklärte der Mandantin die Beweislage. Diese war uneindeutig. \nWie klingt der Text? (1=sehr seltsam, 7=perfekt)	6
ID_104082	Die Lieferantin baute dem Kunden die Kommode. Diese war dabei etwas ungeschickt. \nWie klingt der Text? (1=sehr seltsam, 7=perfekt)	1
ID_105275	Der Friseur erzählte dem Neukunden den Sonntagswitz. Der handelte von drei Waschbären und einem Anwalt. \nWie klingt der Text? (1=sehr seltsam, 7=perfekt)	5
ID_105649	Die Regisseurin empfahl der Schauspielerin die Fernsehserie. Sie handelte von einer lustigen Verwechslung. \nWie klingt der Text? (1=sehr seltsam, 7=perfekt)	4
ID_104509	Die Käuferin schuldete dem Händler den Kaufpreis. Er war telefonisch nicht erreichbar. \nWie klingt der Text? (1=sehr seltsam, 7=perfekt)	5
ID_104656	Der Eigentümer vermietete der Anwohnerin die Parkfläche. Diese war froh über den langfristigen Vertrag. \nWie klingt der Text? (1=sehr seltsam, 7=perfekt)	3
ID_105267	Der Klient überwies dem Detektiv den Betrag. Er war großzügig aufgerundet. \nWie klingt der Text? (1=sehr seltsam, 7=perfekt)	6
ID_104871	Der Dieb entwendete der Touristin die Handtasche. Sie war danach sehr aggressiv. \nWie klingt der Text? (1=sehr seltsam, 7=perfekt)	6
ID_105780	Der Vermieter schickte dem Mieter den Mietvertrag. Er war präzise formuliert. \nWie klingt der Text? (1=sehr seltsam, 7=perfekt)	5
ID_104890	Der Kollege führte der Neuen die Prozedur. Die war sehr konzentriert. \nWie klingt der Text? (1=sehr seltsam, 7=perfekt)	3
ID_103734	Der Archäologe präsentierte der Museumsdirektorin den Fund. Der war sehr aufgeregt. \nWie klingt der Text? (1=sehr seltsam, 7=perfekt)	5
ID_104293	Die Lieferantin reichte dem Floristen die Rechnung. Diese war sehr gutaussehend. \nWie klingt der Text? (1=sehr seltsam, 7=perfekt)	1
ID_104511	Die Unternehmerin stellte dem Bankangestellten den Kostenplan. Der war dabei sehr konzentriert. \nWie klingt der Text? (1=sehr seltsam, 7=perfekt)	6
ID_103680	Der Künstler vererbte der Musikerin den Besitz. Er war sehr reich. \nWie klingt der Text? (1=sehr seltsam, 7=perfekt)	3
ID_105673	Die Chefin garantierte der Angestellten die Gehaltserhöhung. Die war längst überfällig. \nWie klingt der Text? (1=sehr seltsam, 7=perfekt)	5
ID_105461	Die Gastgeberin organisierte der Rednerin die Hotelsuite. Sie war frisch renoviert. \nWie klingt der Text? (1=sehr seltsam, 7=perfekt)	2
ID_104856	Der Chirurg besorgte der Ärztin die Stelle. Diese brachte nützliche Kontakte mit. \nWie klingt der Text? (1=sehr seltsam, 7=perfekt)	2
ID_104105	Die Hotelmanagerin beschaffte dem Urlauber die Massage. Sie machte danach einen gestressten Eindruck. \nWie klingt der Text? (1=sehr seltsam, 7=perfekt)	Der Text klingt etwas seltsam, da eine Hotelmanagerin normalerweise nicht direkt für eine Massage sorgt und der Satz "Sie" könnte sowohl auf die Managerin als auch auf den Urlauber hinweisen. Daher würde ich den Text mit 3 bewerten. Möchten
ID_105625	Die Schneiderin nähte der Klientin die Jacke. Diese fiel größer aus als gewollt. \nWie klingt der Text? (1=sehr seltsam, 7=perfekt)	5
ID_104122	Die Lehrerin kündigte dem Rektor die Pensionierung. Die war dabei etwas traurig. \nWie klingt der Text? (1=sehr seltsam, 7=perfekt)	3
ID_105752	Der Wächter hat dem Schwager den Geheimcode. Dieser war allerdings lang und schwer zu merken. \nWie klingt der Text? (1=sehr seltsam, 7=perfekt)	2
ID_103696	Der Teenager verkaufte der Freundin den Ausweis. Er war bereits vorbestraft. \nWie klingt der Text? (1=sehr seltsam, 7=perfekt)	2
ID_103902	Die Autorin widmete dem Verlobten die Novelle. Sie war nämlich sehr dankbar. \nWie klingt der Text? (1=sehr seltsam, 7=perfekt)	4
ID_105789	Der Student stahl dem Dozenten den Laptop. Der war allerdings ohnehin defekt. \nWie klingt der Text? (1=sehr seltsam, 7=perfekt)	5
ID_104838	Die Tante leitete dem Neffen den Videoclip. Dieser mochte witzige Katzenvideos. \nWie klingt der Text? (1=sehr seltsam, 7=perfekt)	2
ID_104703	Der Betrüger raubte der Königin die Krone. Die war leider unvorsichtig. \nWie klingt der Text? (1=sehr seltsam, 7=perfekt)	4
ID_104686	Der Therapeut gewöhnte der Patientin die Marotte. Sie war sehr dankbar. \nWie klingt der Text? (1=sehr seltsam, 7=perfekt)	2
ID_105238	Der Mitarbeiter nahm dem Opernsänger den Mantel. Dieser war erfreulicherweise aus Kunstpelz. \nWie klingt der Text? (1=sehr seltsam, 7=perfekt)	3
ID_105486	Der Vater kaufte dem Sohn die Zuckerwatte. Die schmeckte nach Erdbeeren. \nWie klingt der Text? (1=sehr seltsam, 7=perfekt)	6
ID_105028	Die Verkäuferin lieh dem Interessenten den Autoschlüssel. Der war voller Hoffnung. \nWie klingt der Text? (1=sehr seltsam, 7=perfekt)	5
ID_103892	Der Krankenpfleger wusch der Patientin den Rücken. Dieser kannte die Routine mittlerweile. \nWie klingt der Text? (1=sehr seltsam, 7=perfekt)	5
ID_104468	Die Enkelin malte dem Großvater den Garten. Dieser wurde schon am frühen Abend langsam müde. \nWie klingt der Text? (1=sehr seltsam, 7=perfekt)	2
ID_104991	Die Türsteherin verweigerte dem Besucher den Zutritt. Er war etwas unhöflich. \nWie klingt der Text? (1=sehr seltsam, 7=perfekt)	6
ID_103949	Die Schülerin zeigte dem Sitznachbarn die Formel. Die war schon immer sehr nett. \nWie klingt der Text? (1=sehr seltsam, 7=perfekt)	Der Text klingt etwas seltsam und unklar, da die zweite Satzhalbsatz nicht klar definiert, welche "die" bezieht. Es sollte klar sein, ob "die" auf die Schülerin oder die Formel verweist. Daher würde ich sagen,
